{
    "name": "bongus",
    "timestamp-last-count": 1744693537.265854,
    "timestamp-created": 1744687963.122149,
    "count": 51,
    "count-minute": 1,
    "timestamp-cm-last-reset": 1744693537.265854,
    "count-hour": 1,
    "timestamp-ch-last-reset": 1744693537.265854,
    "count-day": 51,
    "timestamp-cd-last-reset": 1744632000.0,
    "count-week": 51,
    "timestamp-cw-last-reset": 1744545600.0,
    "count-month": 51,
    "timestamp-cmo-last-reset": 1743418800.0,
    "count-month-6": 51,
    "timestamp-cmo6-last-reset": 1735642800.0,
    "count-year": 51,
    "timestamp-cy-last-reset": 1735642800.0
}