{
    "name": "pgilim-visited",
    "timestamp-last-count": 1744756015.124027,
    "timestamp-created": 1744690599.732228,
    "count": 123,
    "count-minute": 3,
    "timestamp-cm-last-reset": 1744755974.17583,
    "count-hour": 82,
    "timestamp-ch-last-reset": 1744753466.685978,
    "count-day": 82,
    "timestamp-cd-last-reset": 1744753466.685978,
    "count-week": 123,
    "timestamp-cw-last-reset": 1744545600.0,
    "count-month": 123,
    "timestamp-cmo-last-reset": 1743418800.0,
    "count-month-6": 123,
    "timestamp-cmo6-last-reset": 1735642800.0,
    "count-year": 123,
    "timestamp-cy-last-reset": 1735642800.0
}