{
    "name": "pgilim-visited",
    "timestamp-last-count": 1744761943.368702,
    "timestamp-created": 1744690599.732228,
    "count": 281,
    "count-minute": 0,
    "timestamp-cm-last-reset": 1744764327.774895,
    "count-hour": 0,
    "timestamp-ch-last-reset": 1744763367.774186,
    "count-day": 240,
    "timestamp-cd-last-reset": 1744753466.685978,
    "count-week": 281,
    "timestamp-cw-last-reset": 1744545600.0,
    "count-month": 281,
    "timestamp-cmo-last-reset": 1743418800.0,
    "count-month-6": 281,
    "timestamp-cmo6-last-reset": 1735642800.0,
    "count-year": 281,
    "timestamp-cy-last-reset": 1735642800.0
}