{
    "name": "pgilim-visited",
    "timestamp-last-count": 1744696816.420562,
    "timestamp-created": 1744690599.732228,
    "count": 21,
    "count-minute": 0,
    "timestamp-cm-last-reset": 1744696856.424372,
    "count-hour": 21,
    "timestamp-ch-last-reset": 1744694684.504517,
    "count-day": 21,
    "timestamp-cd-last-reset": 1744632000.0,
    "count-week": 21,
    "timestamp-cw-last-reset": 1744545600.0,
    "count-month": 21,
    "timestamp-cmo-last-reset": 1743418800.0,
    "count-month-6": 21,
    "timestamp-cmo6-last-reset": 1735642800.0,
    "count-year": 21,
    "timestamp-cy-last-reset": 1735642800.0
}