{
    "name": "pgilim-visited",
    "timestamp-last-count": 1744698436.621517,
    "timestamp-created": 1744690599.732228,
    "count": 41,
    "count-minute": 0,
    "timestamp-cm-last-reset": 1744755026.696545,
    "count-hour": 0,
    "timestamp-ch-last-reset": 1744753466.685978,
    "count-day": 0,
    "timestamp-cd-last-reset": 1744753466.685978,
    "count-week": 41,
    "timestamp-cw-last-reset": 1744545600.0,
    "count-month": 41,
    "timestamp-cmo-last-reset": 1743418800.0,
    "count-month-6": 41,
    "timestamp-cmo6-last-reset": 1735642800.0,
    "count-year": 41,
    "timestamp-cy-last-reset": 1735642800.0
}